1011,1850,Nathan; SD.,Anderssen; Adolf,0,2
1012,1850,Cochrane; John,Mahescandra,0,2
1013,1850,Cochrane; John,Mahescandra,2,0
1014,1850,Cochrane; John,Mahescandra,0,2
1015,1850,Cochrane; John,Mahescandra,2,0
1016,1850,Cochrane; John,Mahescandra,2,0
1017,1850,Cochrane; John,Mahescandra,2,0
1018,1850,Cochrane; John,Mahescandra,2,0
1019,1850,Cochrane; John,Mahescandra,2,0
1020,1850,Cochrane; John,Mahescandra,2,0
1021,1850,Cochrane; John,Mahescandra,2,0
1022,1850,Cochrane; John,Mahescandra,2,0
1023,1850,Cochrane; John,Mahescandra,0,2
1024,1850,Cochrane; John,Mahescandra,2,0
1025,1850,Cochrane; John,Mahescandra,2,0
1026,1850,Cochrane; John,Mahescandra,2,0
1027,1850,Cochrane; John,Mahescandra,2,0
1028,1850,Cochrane; John,Mahescandra,2,0
1029,1850,Cochrane; John,Mahescandra,2,0
1030,1850,Cochrane; John,Mahescandra,0,2
1031,1850,Cochrane; John,Mahescandra,2,0
1032,1850,Mahescandra,Cochrane; John,2,0
1033,1850,Mahescandra,Cochrane; John,0,2
1034,1850,Mahescandra,Cochrane; John,2,0
1035,1850,Mahescandra,Cochrane; John,2,0
1036,1850,Mahescandra,Cochrane; John,0,2
1037,1850,Mahescandra,Cochrane; John,0,2
1038,1850,Mahescandra,Cochrane; John,1,1
1039,1850,Mahescandra,Cochrane; John,0,2
1040,1850,Mahescandra,Cochrane; John,1,1
1041,1850,Mahescandra,Cochrane; John,0,2
1042,1850,Mahescandra,Cochrane; John,0,2
1043,1850,Mahescandra,Cochrane; John,2,0
1044,1850,Mahescandra,Cochrane; John,2,0
1045,1850,Cochrane; John,Mahescandra,2,0
1046,1850,Cochrane; John,Mahescandra,2,0
1047,1850,Mahescandra,Cochrane; John,0,2
1048,1850,Medley; George Webb,Mongredien; Augustus,0,2
1049,1850,Medley; George Webb,Mongredien; Augustus,2,0
1050,1850,Mongredien; Augustus,Medley; George Webb,2,0
1051,1850,Mongredien; Augustus,Medley; George Webb,0,2
1052,1850,Medley; George Webb,Mongredien; Augustus,2,0
1056,1850,Mc Connell; James,Morphy; Paul,0,2
1057,1850,Morphy; Paul,Loewenthal; Johann Jacob,2,0
1058,1850,Morphy; Paul,Loewenthal; Johann Jacob,2,0
1059,1850,Morphy; Paul,Morphy; Ernest,2,0
1060,1850,Morphy; Paul,Morphy; Ernest,2,0
1063,1850,Stanley; Charles Henry,Loewenthal; Johann Jacob,2,0
1064,1850,Shumov; Ilia S,Von Jaenisch; Carl Friedrich,2,0
1065,1850,Von Jaenisch; Carl Friedrich,Shumov; Ilia S,0,2
1066,1850,Von Jaenisch; Carl Friedrich,Shumov; Ilia S,2,0
1067,1850,Wallenrath,Von Jaenisch; Carl Friedrich,1,1
1068,1850,Wallenrath,Von Jaenisch; Carl Friedrich,1,1
1069,1850,Wallenrath,Von Jaenisch; Carl Friedrich,2,0
1070,1850,Stanley; Charles Henry,Turner; John Spencer,2,0
1071,1850,Turner; John Spencer,Stanley; Charles Henry,1,1
1072,1850,Stanley; Charles Henry,Turner; John Spencer,2,0
1073,1850,Turner; John Spencer,Stanley; Charles Henry,0,2
1074,1850,Stanley; Charles Henry,Turner; John Spencer,2,0
1075,1850,Turner; John Spencer,Stanley; Charles Henry,0,2
1076,1850,Stanley; Charles Henry,Turner; John Spencer,0,2
1077,1850,Turner; John Spencer,Stanley; Charles Henry,0,2
1078,1850,Stanley; Charles Henry,Turner; John Spencer,0,2
1079,1850,Turner; John Spencer,Stanley; Charles Henry,0,2
1080,1851,Blijdensteijn; WJ.,Kloos; H.,2,0
1081,1851,Blijdensteijn; WJ.,Kloos; H.,1,1
1082,1851,Blijdensteijn; WJ.,Naret Oliphant; C.,2,0
1083,1851,Bruijn; W.,Kloos; H.,1,1
1084,1851,Bruijn; W.,Kloos; H.,1,1
1085,1851,Calisch; JM.,Heijmans; FG.,0,2
1086,1851,Coopman; MM.,Messemaker; Christiaan,2,0
1087,1851,Coopman; MM.,Seligmann; J.,2,0
1088,1851,Coopman; MM.,Van't Kruijs; M.,0,2
1089,1851,Coopman; MM.,Van't Kruijs; M.,0,2
1090,1851,De Heer; K.,Kloos; H.,2,0
1091,1851,De Heer; K.,Messemaker; Christiaan,0,2
1092,1851,De Heer; K.,Van't Kruijs; M.,0,2
1093,1851,De Heer; K.,Weimar; G.,2,0
1094,1851,Heijmans; FG.,Mohr; E.,1,1
1095,1851,Heijmans; FG.,Mohr; E.,2,0
1096,1851,Heijmans; FG.,Van Praug; J.,2,0
1097,1851,Heijmans; FG.,Van't Kruijs; M.,0,2
1098,1851,Kloos; H.,Blijdensteijn; WJ.,0,2
1099,1851,Kloos; H.,Blijdensteijn; WJ.,0,2
1100,1851,Kloos; H.,Bruijn; W.,2,0
1101,1851,Kloos; H.,Bruijn; W.,2,0
1102,1851,Kloos; H.,Bruijn; W.,1,1
1103,1851,Messemaker; Christiaan,Coopman; MM.,0,2
1104,1851,Messemaker; Christiaan,Coopman; MM.,1,1
1105,1851,Messemaker; Christiaan,De Heer; K.,0,2
1106,1851,Messemaker; Christiaan,Neijse,2,0
1107,1851,Messemaker; Christiaan,Neijse,0,2
1108,1851,Mohr; E.,Heijmans; FG.,0,2
1109,1851,Naret Oliphant; C.,Blijdensteijn; WJ.,0,2
1110,1851,Naret Oliphant; C.,Wentel; A.,2,0
1111,1851,Van Essen; WF.,Weimar; G.,0,2
1112,1851,Van't Kruijs; M.,Coopman; MM.,0,2
1113,1851,Van't Kruijs; M.,De Heer; K.,2,0
1114,1851,Van't Kruijs; M.,Heijmans; FG.,2,0
1115,1851,Weimar; G.,Van Essen; WF.,1,1
1116,1851,Wentel; A.,Naret Oliphant; C.,0,2
1117,1851,Anderssen; Adolf,Von Heydebrand und der L; Tassilo,2,0
1118,1851,Kossak; J.,Dufresne; Jean,2,0
1119,1851,Lange; Max,Anderssen; Adolf,2,0
1120,1851,Lange; Max,Anderssen; Adolf,2,0
1121,1851,Loewenthal; Johann Jacob,Von Jaenisch; Carl Friedrich,2,0
1122,1851,Von Jaenisch; Carl Friedrich,Von Heydebrand und der L; Tassilo,1,1
1123,1851,Anderssen; Adolf,Mayet; Carl,2,0
1124,1851,Anderssen; Adolf,Mayet; Carl,2,0
1125,1851,Anderssen; Adolf,Mayet; Carl,2,0
1126,1851,Mayet; Carl,Anderssen; Adolf,0,2
1127,1851,Anderssen; Adolf,Dufresne; Jean,2,0
1128,1851,Anderssen; Adolf,Dufresne; Jean,2,0
1129,1851,Anderssen; Adolf,Dufresne; Jean,2,0
1130,1851,Anderssen; Adolf,Dufresne; Jean,2,0
1131,1851,Anderssen; Adolf,Dufresne; Jean,0,2
1132,1851,Anderssen; Adolf,Dufresne; Jean,0,2
1133,1851,Anderssen; Adolf,Dufresne; Jean,2,0
1134,1851,Anderssen; Adolf,Dufresne; Jean,0,2
1135,1851,Anderssen; Adolf,Dufresne; Jean,1,1
1136,1851,Dufresne; Jean,Anderssen; Adolf,0,2
1137,1851,Dufresne; Jean,Anderssen; Adolf,0,2
1138,1851,Dufresne; Jean,Anderssen; Adolf,0,2
1139,1851,Dufresne; Jean,Anderssen; Adolf,0,2
1140,1851,Dufresne; Jean,Anderssen; Adolf,0,2
1141,1851,Dufresne; Jean,Anderssen; Adolf,2,0
1142,1851,Dufresne; Jean,Anderssen; Adolf,0,2
1143,1851,Dufresne; Jean,Anderssen; Adolf,0,2
1144,1851,Dufresne; Jean,Anderssen; Adolf,1,1
1145,1851,Anderssen; Adolf,Falkbeer; Ernst Karl,2,0
1146,1851,Anderssen; Adolf,Falkbeer; Ernst Karl,2,0
1147,1851,Falkbeer; Ernst Karl,Anderssen; Adolf,2,0
1148,1851,Cochrane; John,Mahescandra,2,0
1149,1851,Cochrane; John,Mahescandra,2,0
1150,1851,Cochrane; John,Mahescandra,2,0
1151,1851,Cochrane; John,Mahescandra,0,2
1152,1851,Cochrane; John,Mahescandra,1,1
1153,1851,Cochrane; John,Mahescandra,2,0
1154,1851,Cochrane; John,Mahescandra,2,0
1155,1851,Cochrane; John,Mahescandra,2,0
1156,1851,Cochrane; John,Mahescandra,2,0
1157,1851,Cochrane; John,Mahescandra,0,2
1158,1851,Cochrane; John,Mahescandra,0,2
1159,1851,Cochrane; John,Mahescandra,2,0
1160,1851,Cochrane; John,Mahescandra,2,0
1161,1851,Cochrane; John,Mahescandra,2,0
1162,1851,Cochrane; John,Mahescandra,2,0
1163,1851,Cochrane; John,Mahescandra,2,0
1164,1851,Cochrane; John,Mahescandra,2,0
1165,1851,Cochrane; John,Mahescandra,2,0
1166,1851,Cochrane; John,Mahescandra,2,0
1167,1851,Cochrane; John,Mahescandra,0,2
1168,1851,Mahescandra,Cochrane; John,2,0
1169,1851,Mahescandra,Cochrane; John,0,2
1170,1851,Mahescandra,Cochrane; John,2,0
1171,1851,Mahescandra,Cochrane; John,2,0
1172,1851,Mahescandra,Cochrane; John,0,2
1173,1851,Mahescandra,Cochrane; John,2,0
1174,1851,Mahescandra,Cochrane; John,1,1
1175,1851,Mahescandra,Cochrane; John,2,0
1176,1851,Mahescandra,Cochrane; John,2,0
1177,1851,Mahescandra,Cochrane; John,0,2
1178,1851,Mahescandra,Cochrane; John,0,2
1179,1851,Mahescandra,Cochrane; John,0,2
1180,1851,Mahescandra,Cochrane; John,0,2
1181,1851,Mahescandra,Cochrane; John,0,2
1182,1851,Mahescandra,Cochrane; John,2,0
1183,1851,Mahescandra,Cochrane; John,2,0
1184,1851,Mahescandra,Cochrane; John,0,2
1185,1851,Mahescandra,Cochrane; John,0,2
1186,1851,Mahescandra,Cochrane; John,0,2
1187,1851,Cochrane; John,Mahescandra,2,0
1188,1851,Mahescandra,Cochrane; John,0,2
1189,1851,Mahescandra,Cochrane; John,0,2
1190,1851,Mahescandra,Cochrane; John,0,2
1191,1851,Cochrane; John,Mahescandra,2,0
1192,1851,Mahescandra,Cochrane; John,1,1
1193,1851,Cochrane; John,Mahescandra,2,0
1194,1851,Mahescandra,Cochrane; John,2,0
1195,1851,Anderssen; Adolf,Klaus; K.,2,0
1196,1851,Pollmacher; Hermann,Anderssen; Adolf,1,1
1197,1851,Anderssen; Adolf,Pitschel; Claus,1,1
1198,1851,Pitschel; Claus,Anderssen; Adolf,0,2
1199,1851,Pitschel; Claus,Anderssen; Adolf,1,1
1200,1851,Pitschel; Claus,Anderssen; Adolf,2,0
1201,1851,Anderssen; Adolf,Kieseritzky; Lionel,2,0
1202,1851,Blackburne/Steel,Zukertort/Hoffer,2,0
1203,1851,Loewenthal; Johann Jacob,Staunton; Howard,2,0
1204,1851,Loewenthal; Johann Jacob,Staunton; Howard,1,1
1205,1851,Loewenthal; Johann Jacob,Staunton; Howard,2,0
1206,1851,Loewenthal; Johann Jacob,Staunton; Howard,0,2
1207,1851,Buckle; Henry Thomas,Loewenthal; Johann Jacob,0,2
1208,1851,Loewenthal; Johann Jacob,Buckle; Henry Thomas,0,2
1209,1851,Buckle; Henry Thomas,Loewenthal; Johann Jacob,0,2
1210,1851,Loewenthal; Johann Jacob,Buckle; Henry Thomas,0,2
1211,1851,Buckle; Henry Thomas,Loewenthal; Johann Jacob,2,0
1212,1851,Loewenthal; Johann Jacob,Buckle; Henry Thomas,2,0
1213,1851,Buckle; Henry Thomas,Loewenthal; Johann Jacob,2,0
1214,1851,Bird; Henry Edward,Horwitz; Bernhard,2,0
1215,1851,Horwitz; Bernhard,Bird; Henry Edward,2,0
1216,1851,Bird; Henry Edward,Horwitz; Bernhard,2,0
1217,1851,Horwitz; Bernhard,Bird; Henry Edward,1,1
1218,1851,Bird; Henry Edward,Horwitz; Bernhard,1,1
1219,1851,Horwitz; Bernhard,Bird; Henry Edward,1,1
1220,1851,Bird; Henry Edward,Horwitz; Bernhard,0,2
1221,1851,Horwitz; Bernhard,Bird; Henry Edward,2,0
1222,1851,Bird; Henry Edward,Horwitz; Bernhard,0,2
1223,1851,Horwitz; Bernhard,Bird; Henry Edward,2,0
1224,1851,Bird; Henry Edward,Horwitz; Bernhard,1,1
1225,1851,Horwitz; Bernhard,Bird; Henry Edward,0,2
1226,1851,Bird; Henry Edward,Horwitz; Bernhard,0,2
1227,1851,Horwitz; Bernhard,Bird; Henry Edward,2,0
1228,1851,Loewe; Edward,Deacon; Frederic,0,2
1229,1851,Deacon; Frederic,Loewe; Edward,2,0
1230,1851,Loewe; Edward,Deacon; Frederic,2,0
1231,1851,Deacon; Frederic,Loewe; Edward,2,0
1232,1851,Loewe; Edward,Deacon; Frederic,1,1
1233,1851,Deacon; Frederic,Loewe; Edward,2,0
1234,1851,Loewe; Edward,Deacon; Frederic,2,0
1235,1851,Deacon; Frederic,Loewe; Edward,2,0
1236,1851,Loewe; Edward,Deacon; Frederic,0,2
1237,1851,Deacon; Frederic,Loewe; Edward,2,0
1238,1851,Staunton; Howard,Von Jaenisch; Carl Friedrich,2,0
1239,1851,Von Jaenisch; Carl Friedrich,Staunton; Howard,0,2
1240,1851,Staunton; Howard,Von Jaenisch; Carl Friedrich,0,2
1241,1851,Von Jaenisch; Carl Friedrich,Staunton; Howard,1,1
1242,1851,Staunton; Howard,Von Jaenisch; Carl Friedrich,2,0
1243,1851,Von Jaenisch; Carl Friedrich,Staunton; Howard,2,0
1244,1851,Staunton; Howard,Von Jaenisch; Carl Friedrich,2,0
1245,1851,Von Jaenisch; Carl Friedrich,Staunton; Howard,0,2
1246,1851,Staunton; Howard,Von Jaenisch; Carl Friedrich,2,0
1247,1851,Von Jaenisch; Carl Friedrich,Staunton; Howard,0,2
1248,1851,Williams; Elijah,Loewenthal; Johann Jacob,1,1
1249,1851,Loewenthal; Johann Jacob,Williams; Elijah,0,2
1250,1851,Williams; Elijah,Loewenthal; Johann Jacob,0,2
1251,1851,Loewenthal; Johann Jacob,Williams; Elijah,1,1
1252,1851,Williams; Elijah,Loewenthal; Johann Jacob,0,2
1253,1851,Loewenthal; Johann Jacob,Williams; Elijah,2,0
1254,1851,Williams; Elijah,Loewenthal; Johann Jacob,2,0
1255,1851,Loewenthal; Johann Jacob,Williams; Elijah,0,2
1256,1851,Williams; Elijah,Loewenthal; Johann Jacob,0,2
1257,1851,Loewenthal; Johann Jacob,Williams; Elijah,2,0
1258,1851,Williams; Elijah,Loewenthal; Johann Jacob,1,1
1259,1851,Loewenthal; Johann Jacob,Williams; Elijah,0,2
1260,1851,Williams; Elijah,Loewenthal; Johann Jacob,0,2
1261,1851,Loewenthal; Johann Jacob,Williams; Elijah,0,2
1262,1851,Williams; Elijah,Loewenthal; Johann Jacob,1,1
1263,1851,Loewenthal; Johann Jacob,Williams; Elijah,2,0
1264,1851,Williams; Elijah,Staunton; Howard,0,2
1265,1851,Staunton; Howard,Williams; Elijah,0,2
1266,1851,Williams; Elijah,Staunton; Howard,0,2
1267,1851,Staunton; Howard,Williams; Elijah,0,2
1268,1851,Williams; Elijah,Staunton; Howard,0,2
1269,1851,Staunton; Howard,Williams; Elijah,1,1
1270,1851,Williams; Elijah,Staunton; Howard,1,1
1271,1851,Staunton; Howard,Williams; Elijah,2,0
1272,1851,Williams; Elijah,Staunton; Howard,0,2
1273,1851,Staunton; Howard,Williams; Elijah,2,0
1274,1851,Williams; Elijah,Staunton; Howard,2,0
1275,1851,Staunton; Howard,Williams; Elijah,1,1
1276,1851,Williams; Elijah,Staunton; Howard,2,0
1277,1851,Horwitz; Bernhard,Staunton; Howard,0,2
1278,1851,Horwitz; Bernhard,Staunton; Howard,0,2
1279,1851,Horwitz; Bernhard,Staunton; Howard,0,2
1280,1851,Horwitz; Bernhard,Staunton; Howard,2,0
1281,1851,Horwitz; Bernhard,Staunton; Howard,0,2
1282,1851,Anderssen; Adolf,Kieseritzky; Lionel,0,2
1283,1851,Anderssen; Adolf,Kieseritzky; Lionel,0,2
1284,1851,Anderssen; Adolf,Kieseritzky; Lionel,0,2
1285,1851,Anderssen; Adolf,Kieseritzky; Lionel,1,1
1286,1851,Anderssen; Adolf,Kieseritzky; Lionel,0,2
1287,1851,Anderssen; Adolf,Kieseritzky; Lionel,2,0
1288,1851,Anderssen; Adolf,Kieseritzky; Lionel,2,0
1289,1851,Kieseritzky; Lionel,Anderssen; Adolf,2,0
1290,1851,Kieseritzky; Lionel,Anderssen; Adolf,2,0
1291,1851,Kieseritzky; Lionel,Anderssen; Adolf,2,0
1292,1851,Anderssen; Adolf,Loewenthal; Johann Jacob,0,2
1293,1851,Anderssen; Adolf,Loewenthal; Johann Jacob,2,0
1294,1851,Anderssen; Adolf,Loewenthal; Johann Jacob,0,2
1295,1851,Anderssen; Adolf,Loewenthal; Johann Jacob,2,0
1296,1851,Loewenthal; Johann Jacob,Anderssen; Adolf,2,0
1297,1851,Loewenthal; Johann Jacob,Anderssen; Adolf,2,0
1298,1851,Loewenthal; Johann Jacob,Anderssen; Adolf,0,2
1299,1851,Loewenthal; Johann Jacob,Anderssen; Adolf,0,2
1300,1851,Loewenthal; Johann Jacob,Anderssen; Adolf,0,2
1301,1851,Anderssen; Adolf,Finch; James Gayler,0,2
1302,1851,Anderssen; Adolf,Perigal; George,2,0
1303,1851,Anderssen; Adolf,Perigal; George,2,0
1304,1851,Anderssen; Adolf,Simons; Arthur,2,0
1305,1851,Anderssen; Adolf,Slous; FL.,2,0
1306,1851,Anderssen; Adolf,Zytogorski; Adolf,0,2
1307,1851,Anderssen; Adolf,Zytogorski; Adolf,2,0
1308,1851,Bird; Henry Edward,Anderssen; Adolf,2,0
1309,1851,Buckle; Henry Thomas,Anderssen; Adolf,2,0
1310,1851,Dufresne; Jean,Anderssen; Adolf,0,2
1311,1851,Harrwitz; Daniel,Szen; Josef,2,0
1312,1851,Laroche,Anderssen; Adolf,1,1
1313,1851,Mayet; Carl,Anderssen; Adolf,2,0
1314,1851,Mayet; Carl,Staunton; Howard,0,2
1315,1851,Mayet; Carl,Staunton; Howard,1,1
1316,1851,Mongredien; Augustus,Anderssen; Adolf,2,0
1317,1851,Mongredien; Augustus,Anderssen; Adolf,0,2
1318,1851,Perigal; George,Anderssen; Adolf,0,2
1319,1851,Schulten; John William,Kieseritzky; Lionel,0,2
1320,1851,Von Jaenisch; Carl Friedrich,Mongredien; Augustus,2,0
1321,1851,Wyvill; Marmaduke,Kennedy; Hugh Alexander,0,2
1322,1851,Zytogorski; Adolf,Anderssen; Adolf,2,0
1323,1851,Shumov; Ilia S,Von Jaenisch; Carl Friedrich,2,0
1324,1851,Shumov; Ilia S,Von Jaenisch; Carl Friedrich,2,0
1325,1851,Shumov; Ilia S,Von Jaenisch; Carl Friedrich,0,2
1326,1851,Horwitz; Bernhard,Bird; Henry Edward,1,1
1327,1851,Kieseritzky; Lionel,Anderssen; Adolf,0,2
1328,1851,Loewe; Edward,Wyvill; Marmaduke,0,2
1329,1851,Loewenthal; Johann Jacob,Williams; Elijah,0,2
1330,1851,Mayet; Carl,Kennedy; Hugh Alexander,0,2
1331,1851,Mucklow; James R,Kennedy; ES.,2,0
1332,1851,Staunton; Howard,Brodie; Alfred,2,0
1333,1851,Szen; Josef,Newham; Samuel,2,0
1334,1851,Anderssen; Adolf,Kieseritzky; Lionel,1,1
1335,1851,Bird; Henry Edward,Horwitz; Bernhard,2,0
1336,1851,Brodie; Alfred,Staunton; Howard,0,2
1337,1851,Kennedy; ES.,Mucklow; James R,0,2
1338,1851,Kennedy; Hugh Alexander,Mayet; Carl,2,0
1339,1851,Newham; Samuel,Szen; Josef,0,2
1340,1851,Williams; Elijah,Loewenthal; Johann Jacob,0,2
1341,1851,Wyvill; Marmaduke,Loewe; Edward,2,0
1342,1851,Horwitz; Bernhard,Bird; Henry Edward,2,0
1343,1851,Kieseritzky; Lionel,Anderssen; Adolf,0,2
1344,1851,Loewenthal; Johann Jacob,Williams; Elijah,0,2
1345,1851,Bird; Henry Edward,Horwitz; Bernhard,0,2
1346,1851,Anderssen; Adolf,Szen; Josef,2,0
1347,1851,Staunton; Howard,Horwitz; Bernhard,0,2
1348,1851,Williams; Elijah,Mucklow; James R,2,0
1349,1851,Wyvill; Marmaduke,Kennedy; Hugh Alexander,2,0
1350,1851,Horwitz; Bernhard,Staunton; Howard,0,2
1351,1851,Kennedy; Hugh Alexander,Wyvill; Marmaduke,2,0
1352,1851,Mucklow; James R,Williams; Elijah,0,2
1353,1851,Szen; Josef,Anderssen; Adolf,2,0
1354,1851,Anderssen; Adolf,Szen; Josef,0,2
1355,1851,Staunton; Howard,Horwitz; Bernhard,0,2
1356,1851,Williams; Elijah,Mucklow; James R,2,0
1357,1851,Wyvill; Marmaduke,Kennedy; Hugh Alexander,0,2
1358,1851,Horwitz; Bernhard,Staunton; Howard,0,2
1359,1851,Kennedy; Hugh Alexander,Wyvill; Marmaduke,0,2
1360,1851,Mucklow; James R,Williams; Elijah,0,2
1361,1851,Szen; Josef,Anderssen; Adolf,0,2
1362,1851,Anderssen; Adolf,Szen; Josef,2,0
1363,1851,Staunton; Howard,Horwitz; Bernhard,1,1
1364,1851,Wyvill; Marmaduke,Kennedy; Hugh Alexander,1,1
1365,1851,Horwitz; Bernhard,Staunton; Howard,0,2
1366,1851,Kennedy; Hugh Alexander,Wyvill; Marmaduke,2,0
1367,1851,Szen; Josef,Anderssen; Adolf,0,2
1368,1851,Staunton; Howard,Horwitz; Bernhard,2,0
1369,1851,Wyvill; Marmaduke,Kennedy; Hugh Alexander,2,0
1370,1851,Kennedy; Hugh Alexander,Wyvill; Marmaduke,0,2
1371,1851,Anderssen; Adolf,Staunton; Howard,2,0
1372,1851,Williams; Elijah,Wyvill; Marmaduke,2,0
1373,1851,Staunton; Howard,Anderssen; Adolf,0,2
1374,1851,Wyvill; Marmaduke,Williams; Elijah,0,2
1375,1851,Anderssen; Adolf,Staunton; Howard,2,0
1376,1851,Williams; Elijah,Wyvill; Marmaduke,2,0
1377,1851,Staunton; Howard,Anderssen; Adolf,2,0
1378,1851,Wyvill; Marmaduke,Williams; Elijah,2,0
1379,1851,Anderssen; Adolf,Staunton; Howard,2,0
1380,1851,Williams; Elijah,Wyvill; Marmaduke,0,2
1381,1851,Wyvill; Marmaduke,Williams; Elijah,2,0
1382,1851,Williams; Elijah,Wyvill; Marmaduke,0,2
1383,1851,Anderssen; Adolf,Wyvill; Marmaduke,2,0
1384,1851,Wyvill; Marmaduke,Anderssen; Adolf,1,1
1385,1851,Anderssen; Adolf,Wyvill; Marmaduke,0,2
1386,1851,Wyvill; Marmaduke,Anderssen; Adolf,0,2
1387,1851,Anderssen; Adolf,Wyvill; Marmaduke,2,0
1388,1851,Wyvill; Marmaduke,Anderssen; Adolf,2,0
1389,1851,Anderssen; Adolf,Wyvill; Marmaduke,2,0
1390,1851,Horwitz; Bernhard,Szen; Josef,0,2
1391,1851,Mucklow; James R,Kennedy; Hugh Alexander,0,2
1392,1851,Kennedy; Hugh Alexander,Mucklow; James R,2,0
1393,1851,Szen; Josef,Horwitz; Bernhard,2,0
1394,1851,Horwitz; Bernhard,Szen; Josef,0,2
1395,1851,Mucklow; James R,Kennedy; Hugh Alexander,0,2
1396,1851,Kennedy; Hugh Alexander,Mucklow; James R,2,0
1397,1851,Szen; Josef,Horwitz; Bernhard,2,0
1398,1851,Williams; Elijah,Staunton; Howard,2,0
1399,1851,Staunton; Howard,Williams; Elijah,2,0
1400,1851,Williams; Elijah,Staunton; Howard,0,2
1401,1851,Staunton; Howard,Williams; Elijah,2,0
1402,1851,Williams; Elijah,Staunton; Howard,2,0
1403,1851,Staunton; Howard,Williams; Elijah,0,2
1404,1851,Williams; Elijah,Staunton; Howard,1,1
1405,1851,Staunton; Howard,Williams; Elijah,0,2
1406,1851,Kennedy; Hugh Alexander,Szen; Josef,1,1
1407,1851,Szen; Josef,Kennedy; Hugh Alexander,2,0
1408,1851,Kennedy; Hugh Alexander,Szen; Josef,0,2
1409,1851,Szen; Josef,Kennedy; Hugh Alexander,2,0
1410,1851,Kennedy; Hugh Alexander,Szen; Josef,0,2
1411,1851,Angas; Silas,Boden; Samuel Standidge,0,2
1412,1851,Deacon; Frederic,Ranken; Charles Edwards,0,2
1413,1851,Trelawney; James,Brien; Robert Barnett,0,2
1414,1851,Wellman; B.,Hodges; Albert Beauregard,0,2
1415,1851,Boden; Samuel Standidge,Angas; Silas,2,0
1416,1851,Brien; Robert Barnett,Trelawney; James,2,0
1417,1851,Hodges; Albert Beauregard,Wellman; B.,1,1
1418,1851,Ranken; Charles Edwards,Deacon; Frederic,2,0
1419,1851,Wellman; B.,Hodges; Albert Beauregard,2,0
1420,1851,Hodges; Albert Beauregard,Wellman; B.,2,0
1421,1851,Boden; Samuel Standidge,Brien; Robert Barnett,1,1
1422,1851,Hodges; Albert Beauregard,Ranken; Charles Edwards,1,1
1423,1851,Brien; Robert Barnett,Boden; Samuel Standidge,2,0
1424,1851,Ranken; Charles Edwards,Hodges; Albert Beauregard,2,0
1425,1851,Boden; Samuel Standidge,Brien; Robert Barnett,2,0
1426,1851,Hodges; Albert Beauregard,Ranken; Charles Edwards,2,0
1427,1851,Brien; Robert Barnett,Boden; Samuel Standidge,0,2
1428,1851,Ranken; Charles Edwards,Hodges; Albert Beauregard,2,0
1429,1851,Boden; Samuel Standidge,Ranken; Charles Edwards,0,2
1430,1851,Ranken; Charles Edwards,Boden; Samuel Standidge,0,2
1431,1851,Boden; Samuel Standidge,Ranken; Charles Edwards,2,0
1432,1851,Hodges; Albert Beauregard,Brien; Robert Barnett,1,1
1433,1851,Brien; Robert Barnett,Hodges; Albert Beauregard,0,2
1434,1851,Hodges; Albert Beauregard,Brien; Robert Barnett,0,2
1435,1851,Brien; Robert Barnett,Hodges; Albert Beauregard,0,2
1436,1851,Ranken; Charles Edwards,Robertson; William,2,0
1437,1851,Robertson; William,Ranken; Charles Edwards,0,2
1438,1851,Gilby; W.,Deacon; Frederic,0,2
1439,1851,Deacon; Frederic,Gilby; W.,0,2
1440,1851,Gilby; W.,Deacon; Frederic,0,2
1441,1851,Anderssen; Adolf,Horwitz; Bernhard,2,0
1442,1851,Anderssen; Adolf,Loewe; Edward,2,0
1443,1851,Anderssen; Adolf,Meyerhofer; Karl,2,0
1444,1851,Deacon; Frederic,Anderssen; Adolf,0,2
1445,1851,Deacon; Frederic,Loewe; Edward,2,0
1446,1851,Ehrmann; August,Anderssen; Adolf,0,2
1447,1851,Ehrmann; August,Harrwitz; Daniel,0,2
1448,1851,Kieseritzky; Lionel,Anderssen; Adolf,0,2
1449,1851,Meyerhofer; Karl,Harrwitz; Daniel,2,0
1450,1851,Meyerhofer; Karl,Kieseritzky; Lionel,2,0
1451,1851,Szabo; G.,Anderssen; Adolf,0,2
1452,1851,Anderssen; Adolf,Horwitz; Bernhard,1,1
1453,1851,Loewenthal; Johann Jacob,Ehrmann; August,1,1
1454,1852,Anderssen; Adolf,Dufresne; Jean,2,0
1455,1852,Anderssen; Adolf,Eichborn; Louis,0,2
1456,1852,Anderssen; Adolf,Eichborn; Louis,0,2
1457,1852,Anderssen; Adolf,Eichborn; Louis,0,2
1458,1852,Anderssen; Adolf,Eichborn; Louis,0,2
1459,1852,Anderssen; Adolf,Eichborn; Louis,1,1
1460,1852,Eichborn; Louis,Anderssen; Adolf,2,0
1461,1852,Eichborn; Louis,Anderssen; Adolf,2,0
1462,1852,Eichborn; Louis,Anderssen; Adolf,2,0
1463,1852,Eichborn; Louis,Anderssen; Adolf,2,0
1464,1852,Cochrane; John,Mahescandra,2,0
1465,1852,Cochrane; John,Mahescandra,2,0
1466,1852,Cochrane; John,Mahescandra,0,2
1467,1852,Cochrane; John,Mahescandra,0,2
1468,1852,Cochrane; John,Mahescandra,2,0
1469,1852,Cochrane; John,Mahescandra,2,0
1470,1852,Cochrane; John,Mahescandra,2,0
1471,1852,Cochrane; John,Mahescandra,2,0
1472,1852,Cochrane; John,Mahescandra,2,0
1473,1852,Cochrane; John,Mahescandra,2,0
1474,1852,Cochrane; John,Mahescandra,2,0
1475,1852,Cochrane; John,Mahescandra,2,0
1476,1852,Cochrane; John,Mahescandra,2,0
1477,1852,Cochrane; John,Mahescandra,0,2
1478,1852,Cochrane; John,Mahescandra,2,0
1479,1852,Cochrane; John,Mahescandra,2,0
1480,1852,Cochrane; John,Mahescandra,2,0
1481,1852,Cochrane; John,Mahescandra,1,1
1482,1852,Cochrane; John,Mahescandra,1,1
1483,1852,Cochrane; John,Mahescandra,2,0
1484,1852,Cochrane; John,Mahescandra,2,0
1485,1852,Cochrane; John,Mahescandra,0,2
1486,1852,Cochrane; John,Mahescandra,0,2
1487,1852,Cochrane; John,Mahescandra,1,1
1488,1852,Cochrane; John,Mahescandra,2,0
1489,1852,Cochrane; John,Mahescandra,2,0
1490,1852,Cochrane; John,Mahescandra,2,0
1491,1852,Cochrane; John,Mahescandra,0,2
1492,1852,Cochrane; John,Mahescandra,2,0
1493,1852,Cochrane; John,Mahescandra,0,2
1494,1852,Cochrane; John,Mahescandra,2,0
1495,1852,Cochrane; John,Mahescandra,1,1
1496,1852,Mahescandra,Cochrane; John,0,2
1497,1852,Mahescandra,Cochrane; John,0,2
1498,1852,Mahescandra,Cochrane; John,0,2
1499,1852,Mahescandra,Cochrane; John,2,0
1500,1852,Mahescandra,Cochrane; John,1,1
1501,1852,Mahescandra,Cochrane; John,0,2
1502,1852,Mahescandra,Cochrane; John,0,2
1503,1852,Cochrane; John,Mahescandra,2,0
1504,1852,Cochrane; John,Mahescandra,2,0
1505,1852,Harrwitz; Daniel,Williams; Elijah,2,0
1506,1852,Williams; Elijah,Harrwitz; Daniel,1,1
1507,1852,Harrwitz; Daniel,Williams; Elijah,2,0
1508,1852,Williams; Elijah,Harrwitz; Daniel,0,2
1509,1852,Harrwitz; Daniel,Williams; Elijah,1,1
1510,1852,Williams; Elijah,Harrwitz; Daniel,1,1
1511,1852,Harrwitz; Daniel,Williams; Elijah,2,0
1512,1852,Williams; Elijah,Harrwitz; Daniel,0,2
1513,1852,Harrwitz; Daniel,Williams; Elijah,2,0
1514,1852,Williams; Elijah,Harrwitz; Daniel,0,2
1515,1852,Williams; Elijah,Harrwitz; Daniel,2,0
1516,1852,Harrwitz; Daniel,Williams; Elijah,0,2
1517,1852,Williams; Elijah,Harrwitz; Daniel,0,2
1518,1852,Harrwitz; Daniel,Williams; Elijah,1,1
1519,1852,Williams; Elijah,Harrwitz; Daniel,1,1
1520,1852,Harrwitz; Daniel,Williams; Elijah,2,0
1521,1852,Williams; Elijah,Harrwitz; Daniel,0,2
1522,1852,Harrwitz; Daniel,Williams; Elijah,2,0
1523,1852,Williams; Elijah,Harrwitz; Daniel,1,1
1524,1852,Harrwitz; Daniel,Williams; Elijah,2,0
1525,1852,Williams; Elijah,Harrwitz; Daniel,0,2
1526,1852,Harrwitz; Daniel,Williams; Elijah,2,0
1527,1852,Williams; Elijah,Horwitz; Bernhard,1,1
1528,1852,Horwitz; Bernhard,Williams; Elijah,2,0
1529,1852,Williams; Elijah,Horwitz; Bernhard,1,1
1530,1852,Horwitz; Bernhard,Williams; Elijah,0,2
1531,1852,Williams; Elijah,Horwitz; Bernhard,1,1
1532,1852,Horwitz; Bernhard,Williams; Elijah,1,1
1533,1852,Williams; Elijah,Horwitz; Bernhard,1,1
1534,1852,Horwitz; Bernhard,Williams; Elijah,2,0
1535,1852,Williams; Elijah,Horwitz; Bernhard,1,1
1536,1852,Horwitz; Bernhard,Williams; Elijah,0,2
1537,1852,Williams; Elijah,Horwitz; Bernhard,2,0
1538,1852,Horwitz; Bernhard,Williams; Elijah,1,1
1539,1852,Williams; Elijah,Horwitz; Bernhard,0,2
1540,1852,Horwitz; Bernhard,Williams; Elijah,0,2
1541,1852,Williams; Elijah,Horwitz; Bernhard,1,1
1542,1852,Horwitz; Bernhard,Williams; Elijah,1,1
1543,1852,Williams; Elijah,Horwitz; Bernhard,2,0
1544,1852,Mc Connell; L.,Morphy; Paul,0,2
1545,1852,Stanley; Charles Henry,De Saint Amant; Pierre Charles Four,2,0
1546,1852,De Saint Amant; Pierre Charles Four,Stanley; Charles Henry,2,0
1547,1852,Stanley; Charles Henry,De Saint Amant; Pierre Charles Four,2,0
1548,1852,De Saint Amant; Pierre Charles Four,Stanley; Charles Henry,2,0
1549,1852,Journoud; Paul,Kieseritzky; Lionel,0,2
1550,1853,Anderssen; Adolf,Eichborn; Louis,0,2
1551,1853,Anderssen; Adolf,Eichborn; Louis,0,2
1552,1853,Anderssen; Adolf,Eichborn; Louis,0,2
1553,1853,Anderssen; Adolf,Eichborn; Louis,0,2
1554,1853,Anderssen; Adolf,Eichborn; Louis,0,2
1555,1853,Eichborn; Louis,Anderssen; Adolf,2,0
1556,1853,Eichborn; Louis,Anderssen; Adolf,2,0
1557,1853,Eichborn; Louis,Anderssen; Adolf,2,0
1558,1853,Eichborn; Louis,Anderssen; Adolf,2,0
1559,1853,Staunton; Howard,Von Heydebrand und der L; Tassilo,0,2
1560,1853,Von Heydebrand und der L; Tassilo,Staunton; Howard,0,2
1561,1853,Staunton; Howard,Von Heydebrand und der L; Tassilo,0,2
1562,1853,Von Heydebrand und der L; Tassilo,Staunton; Howard,1,1
1563,1853,Staunton; Howard,Von Heydebrand und der L; Tassilo,2,0
1564,1853,Von Heydebrand und der L; Tassilo,Staunton; Howard,2,0
1565,1853,Staunton; Howard,Von Heydebrand und der L; Tassilo,1,1
1566,1853,Von Heydebrand und der L; Tassilo,Staunton; Howard,2,0
1567,1853,Staunton; Howard,Von Heydebrand und der L; Tassilo,0,2
1568,1853,Von Heydebrand und der L; Tassilo,Staunton; Howard,0,2
1569,1853,Staunton; Howard,Von Heydebrand und der L; Tassilo,1,1
1570,1853,Von Heydebrand und der L; Tassilo,Staunton; Howard,0,2
1571,1853,Staunton; Howard,Von Heydebrand und der L; Tassilo,1,1
1572,1853,Rives,Staunton; Howard,1,1
1573,1853,Rives,Staunton; Howard,1,1
1574,1853,Rives,Staunton; Howard,0,2
1575,1853,Rives,Staunton; Howard,0,2
1576,1853,Staunton; Howard,Rives,2,0
1577,1853,Staunton; Howard,Rives,0,2
1578,1853,Staunton; Howard,Rives,2,0
1579,1853,Staunton; Howard,Rives,2,0
1580,1853,Cochrane; John,Mahescandra,0,2
1581,1853,Cochrane; John,Mahescandra,2,0
1582,1853,Cochrane; John,Mahescandra,0,2
1583,1853,Cochrane; John,Mahescandra,2,0
1584,1853,Cochrane; John,Mahescandra,0,2
1585,1853,Cochrane; John,Mahescandra,0,2
1586,1853,Cochrane; John,Mahescandra,0,2
1587,1853,Cochrane; John,Mahescandra,0,2
1588,1853,Cochrane; John,Mahescandra,2,0
1589,1853,Cochrane; John,Mahescandra,2,0
1590,1853,Cochrane; John,Mahescandra,0,2
1591,1853,Cochrane; John,Mahescandra,2,0
1592,1853,Cochrane; John,Mahescandra,0,2
1593,1853,Cochrane; John,Mahescandra,2,0
1594,1853,Cochrane; John,Mahescandra,2,0
1595,1853,Cochrane; John,Mahescandra,2,0
1596,1853,Cochrane; John,Mahescandra,2,0
1597,1853,Mahescandra,Cochrane; John,0,2
1598,1853,Mahescandra,Cochrane; John,0,2
1599,1853,Mahescandra,Cochrane; John,0,2
1600,1853,Mahescandra,Cochrane; John,2,0
1601,1853,Mahescandra,Cochrane; John,0,2
1602,1853,Mahescandra,Cochrane; John,0,2
1603,1853,Mahescandra,Cochrane; John,0,2
1604,1853,Mahescandra,Cochrane; John,2,0
1605,1853,Mahescandra,Cochrane; John,0,2
1606,1853,Mahescandra,Cochrane; John,0,2
1607,1853,Mahescandra,Cochrane; John,0,2
1608,1853,Mahescandra,Cochrane; John,2,0
1609,1853,Mahescandra,Cochrane; John,0,2
1610,1853,Mahescandra,Cochrane; John,0,2
1611,1853,Mahescandra,Cochrane; John,0,2
1612,1853,Mahescandra,Cochrane; John,2,0
1613,1853,Mahescandra,Cochrane; John,0,2
1614,1853,Mahescandra,Cochrane; John,0,2
1615,1853,Mahescandra,Cochrane; John,2,0
1616,1853,Mahescandra,Cochrane; John,2,0
1617,1853,Mahescandra,Cochrane; John,0,2
1618,1853,Mahescandra,Cochrane; John,0,2
1619,1853,Mahescandra,Cochrane; John,1,1
1620,1853,Mahescandra,Cochrane; John,0,2
1621,1853,Mahescandra,Cochrane; John,2,0
1622,1853,Mahescandra,Cochrane; John,2,0
1623,1853,Mahescandra,Cochrane; John,0,2
1624,1853,Mahescandra,Cochrane; John,0,2
1625,1853,Mahescandra,Cochrane; John,2,0
1626,1853,Mahescandra,Cochrane; John,2,0
1627,1853,Mahescandra,Cochrane; John,2,0
1628,1853,Cochrane; John,Mahescandra,2,0
1629,1853,Mahescandra,Cochrane; John,0,2
1630,1853,Loewenthal; Johann Jacob,Harrwitz; Daniel,0,2
1631,1853,Harrwitz; Daniel,Loewenthal; Johann Jacob,2,0
1632,1853,Loewenthal; Johann Jacob,Harrwitz; Daniel,2,0
1633,1853,Harrwitz; Daniel,Loewenthal; Johann Jacob,0,2
1634,1853,Loewenthal; Johann Jacob,Harrwitz; Daniel,2,0
1635,1853,Harrwitz; Daniel,Loewenthal; Johann Jacob,0,2
1636,1853,Loewenthal; Johann Jacob,Harrwitz; Daniel,2,0
1637,1853,Harrwitz; Daniel,Loewenthal; Johann Jacob,1,1
1638,1853,Loewenthal; Johann Jacob,Harrwitz; Daniel,2,0
1639,1853,Harrwitz; Daniel,Loewenthal; Johann Jacob,0,2
1640,1853,Loewenthal; Johann Jacob,Harrwitz; Daniel,1,1
1641,1853,Harrwitz; Daniel,Loewenthal; Johann Jacob,1,1
1642,1853,Loewenthal; Johann Jacob,Harrwitz; Daniel,0,2
1643,1853,Harrwitz; Daniel,Loewenthal; Johann Jacob,2,0
1644,1853,Loewenthal; Johann Jacob,Harrwitz; Daniel,1,1
1645,1853,Harrwitz; Daniel,Loewenthal; Johann Jacob,2,0
1646,1853,Loewenthal; Johann Jacob,Harrwitz; Daniel,1,1
1647,1853,Harrwitz; Daniel,Loewenthal; Johann Jacob,1,1
1648,1853,Loewenthal; Johann Jacob,Harrwitz; Daniel,0,2
1649,1853,Harrwitz; Daniel,Loewenthal; Johann Jacob,2,0
1650,1853,Loewenthal; Johann Jacob,Harrwitz; Daniel,1,1
1651,1853,Harrwitz; Daniel,Loewenthal; Johann Jacob,1,1
1652,1853,Loewenthal; Johann Jacob,Harrwitz; Daniel,1,1
1653,1853,Harrwitz; Daniel,Loewenthal; Johann Jacob,2,0
1654,1853,Loewenthal; Johann Jacob,Harrwitz; Daniel,1,1
1655,1853,Harrwitz; Daniel,Loewenthal; Johann Jacob,0,2
1656,1853,Loewenthal; Johann Jacob,Harrwitz; Daniel,1,1
1657,1853,Harrwitz; Daniel,Loewenthal; Johann Jacob,2,0
1658,1853,Loewenthal; Johann Jacob,Harrwitz; Daniel,0,2
1659,1853,Harrwitz; Daniel,Loewenthal; Johann Jacob,1,1
1660,1853,Loewenthal; Johann Jacob,Harrwitz; Daniel,0,2
1661,1853,Loewenthal; Johann Jacob,Staunton; Howard,1,1
1662,1853,Loewenthal; Johann Jacob,Staunton; Howard,0,2
1663,1853,Loewenthal; Johann Jacob,Staunton; Howard,1,1
1664,1853,Shumov; Ilia S,Urusov; Dmitry Semenovich,0,2
1665,1853,Shumov; Ilia S,Urusov; Dmitry Semenovich,0,2
1666,1853,Shumov; Ilia S,Urusov; Dmitry Semenovich,2,0
1667,1853,Shumov; Ilia S,Urusov; Dmitry Semenovich,2,0
1668,1853,Shumov; Ilia S,Urusov; Dmitry Semenovich,0,2
1669,1853,Urusov; Dmitry Semenovich,Shumov; Ilia S,0,2
1670,1853,Urusov; Dmitry Semenovich,Shumov; Ilia S,2,0
1671,1853,Urusov; Dmitry Semenovich,Shumov; Ilia S,0,2
1672,1853,Urusov; Dmitry Semenovich,Shumov; Ilia S,2,0
1673,1853,Urusov; Dmitry Semenovich,Shumov; Ilia S,2,0
1674,1853,Petrov; Alexander,Urusov; Sergey Semenovich,1,1
1675,1853,Petrov; Alexander,Urusov; Sergey Semenovich,2,0
1676,1853,Urusov; Sergey Semenovich,Petrov; Alexander,0,2
1677,1853,Urusov; Sergey Semenovich,Petrov; Alexander,0,2
1678,1853,Matschego,Hamppe; Carl,2,0
1679,1853,Matschego,Falkbeer; Ernst Karl,0,2
1680,1854,Anderssen; Adolf,Eichborn; Louis,0,2
1681,1854,Anderssen; Adolf,Eichborn; Louis,0,2
1682,1854,Eichborn; Louis,Anderssen; Adolf,2,0
1683,1854,Eichborn; Louis,Anderssen; Adolf,2,0
1684,1854,Cochrane; John,Mahescandra,2,0
1685,1854,Cochrane; John,Mahescandra,1,1
1686,1854,Cochrane; John,Mahescandra,0,2
1687,1854,Cochrane; John,Mahescandra,2,0
1688,1854,Cochrane; John,Mahescandra,2,0
1689,1854,Cochrane; John,Mahescandra,1,1
1690,1854,Cochrane; John,Mahescandra,2,0
1691,1854,Cochrane; John,Mahescandra,2,0
1692,1854,Cochrane; John,Mahescandra,2,0
1693,1854,Cochrane; John,Mahescandra,2,0
1694,1854,Cochrane; John,Mahescandra,2,0
1695,1854,Cochrane; John,Mahescandra,0,2
1696,1854,Cochrane; John,Mahescandra,2,0
1697,1854,Cochrane; John,Mahescandra,0,2
1698,1854,Cochrane; John,Mahescandra,2,0
1699,1854,Cochrane; John,Mahescandra,0,2
1700,1854,Cochrane; John,Mahescandra,0,2
1701,1854,Cochrane; John,Mahescandra,1,1
1702,1854,Cochrane; John,Mahescandra,2,0
1703,1854,Cochrane; John,Mahescandra,2,0
1704,1854,Cochrane; John,Mahescandra,2,0
1705,1854,Cochrane; John,Mahescandra,1,1
1706,1854,Cochrane; John,Mahescandra,2,0
1707,1854,Cochrane; John,Mahescandra,0,2
1708,1854,Cochrane; John,Mahescandra,0,2
1709,1854,Cochrane; John,Mahescandra,2,0
1710,1854,Cochrane; John,Mahescandra,0,2
1711,1854,Cochrane; John,Mahescandra,2,0
1712,1854,Cochrane; John,Mahescandra,2,0
1713,1854,Cochrane; John,Mahescandra,2,0
1714,1854,Cochrane; John,Mahescandra,1,1
1715,1854,Cochrane; John,Mahescandra,2,0
1716,1854,Cochrane; John,Mahescandra,2,0
1717,1854,Cochrane; John,Mahescandra,2,0
1718,1854,Cochrane; John,Mahescandra,2,0
1719,1854,Cochrane; John,Mahescandra,2,0
1720,1854,Cochrane; John,Mahescandra,1,1
1721,1854,Cochrane; John,Mahescandra,2,0
1722,1854,Cochrane; John,Mahescandra,0,2
1723,1854,Cochrane; John,Mahescandra,2,0
1724,1854,Cochrane; John,Mahescandra,2,0
1725,1854,Cochrane; John,Mahescandra,2,0
1726,1854,Cochrane; John,Mahescandra,0,2
1727,1854,Cochrane; John,Mahescandra,0,2
1728,1854,Cochrane; John,Mahescandra,2,0
1729,1854,Cochrane; John,Mahescandra,2,0
1730,1854,Cochrane; John,Mahescandra,2,0
1731,1854,Cochrane; John,Mahescandra,2,0
1732,1854,Mahescandra,Cochrane; John,0,2
1733,1854,Mahescandra,Cochrane; John,1,1
1734,1854,Mahescandra,Cochrane; John,0,2
1735,1854,Mahescandra,Cochrane; John,0,2
1736,1854,Mahescandra,Cochrane; John,1,1
1737,1854,Mahescandra,Cochrane; John,2,0
1738,1854,Mahescandra,Cochrane; John,0,2
1739,1854,Mahescandra,Cochrane; John,2,0
1740,1854,Mahescandra,Cochrane; John,0,2
1741,1854,Mahescandra,Cochrane; John,0,2
1742,1854,Mahescandra,Cochrane; John,0,2
1743,1854,Mahescandra,Cochrane; John,1,1
1744,1854,Mahescandra,Cochrane; John,2,0
1745,1854,Mahescandra,Cochrane; John,2,0
1746,1854,Mahescandra,Cochrane; John,0,2
1747,1854,Mahescandra,Cochrane; John,2,0
1748,1854,Mahescandra,Cochrane; John,0,2
1749,1854,Mahescandra,Cochrane; John,1,1
1750,1854,Mahescandra,Cochrane; John,2,0
1751,1854,Mahescandra,Cochrane; John,0,2
1752,1854,Mahescandra,Cochrane; John,0,2
1753,1854,Mahescandra,Cochrane; John,2,0
1754,1854,Mahescandra,Cochrane; John,2,0
1755,1854,Mahescandra,Cochrane; John,0,2
1756,1854,Mahescandra,Cochrane; John,1,1
1757,1854,Mahescandra,Cochrane; John,2,0
1758,1854,Mahescandra,Cochrane; John,0,2
1759,1854,Mahescandra,Cochrane; John,1,1
1760,1854,Cochrane; John,Mahescandra,2,0
1761,1854,Mahescandra,Cochrane; John,2,0
1762,1854,Cochrane; John,Mahescandra,2,0
1763,1854,Cochrane; John,Mahescandra,2,0
1764,1854,Cochrane; John,Mahescandra,1,1
1765,1854,Cochrane; John,Mahescandra,2,0
1766,1854,Mahescandra,Cochrane; John,0,2
1767,1854,Mahescandra,Cochrane; John,0,2
1768,1854,Mahescandra,Cochrane; John,2,0
1769,1854,Mahescandra,Cochrane; John,2,0
1770,1854,Mahescandra,Cochrane; John,0,2
1771,1854,Cochrane; John,Mahescandra,2,0
1772,1854,Mahescandra,Cochrane; John,0,2
1773,1854,Mahescandra,Cochrane; John,0,2
1774,1854,Mahescandra,Cochrane; John,2,0
1775,1854,Cochrane; John,Mahescandra,0,2
1776,1854,Cochrane; John,Mahescandra,2,0
1777,1854,Mahescandra,Cochrane; John,2,0
1778,1854,Mahescandra,Cochrane; John,0,2
1779,1854,Mahescandra,Cochrane; John,1,1
1780,1854,Cochrane; John,Mahescandra,2,0
1781,1854,Cochrane; John,Mahescandra,2,0
1782,1854,Cochrane; John,Mahescandra,2,0
1783,1854,Cochrane; John,Mahescandra,0,2
1784,1854,Mahescandra,Cochrane; John,1,1
1785,1854,Staunton; Ahgas,Loewenthal; Johann Jacob,2,0
1786,1854,Maurian; Charles Amedee,Morphy; Paul,2,0
1787,1854,Maurian; Charles Amedee,Morphy; Paul,2,0
1788,1854,Maurian; Charles Amedee,Morphy; Paul,0,2
1789,1854,Maurian; Charles Amedee,Morphy; Paul,0,2
1790,1854,Maurian; Charles Amedee,Morphy; Paul,0,2
1791,1854,Maurian; Charles Amedee,Morphy; Paul,2,0
1792,1854,Maurian; Charles Amedee,Morphy; Paul,2,0
1793,1854,Morphy; Paul,Maurian; Charles Amedee,1,1
1794,1854,Morphy; Paul,Maurian; Charles Amedee,0,2
1795,1854,Morphy; Paul,Maurian; Charles Amedee,2,0
1796,1854,Morphy; Paul,Maurian; Charles Amedee,2,0
1797,1854,Morphy; Paul,Maurian; Charles Amedee,0,2
1798,1854,Shumov; Ilia S,Von Jaenisch; Carl Friedrich,0,2
1799,1854,Shumov; Ilia S,Von Jaenisch; Carl Friedrich,0,2
1800,1854,Shumov; Ilia S,Von Jaenisch; Carl Friedrich,2,0
1801,1854,Shumov; Ilia S,Von Jaenisch; Carl Friedrich,0,2
1802,1854,Von Jaenisch; Carl Friedrich,Shumov; Ilia S,2,0
1803,1854,Von Jaenisch; Carl Friedrich,Shumov; Ilia S,1,1
1804,1854,Von Jaenisch; Carl Friedrich,Shumov; Ilia S,1,1
1805,1854,Von Jaenisch; Carl Friedrich,Shumov; Ilia S,0,2
1806,1854,Urusov; Sergey Semenovich,Von Jaenisch; Carl Friedrich,2,0
1807,1854,Urusov; Sergey Semenovich,Von Jaenisch; Carl Friedrich,2,0
1808,1854,Von Jaenisch; Carl Friedrich,Urusov; Sergey Semenovich,2,0
1809,1854,Von Jaenisch; Carl Friedrich,Urusov; Sergey Semenovich,2,0
1810,1854,Brien; Robert Barnett,Janssens; Franciscus G,0,2
1811,1854,Brien; Robert Barnett,Janssens; Franciscus G,2,0
1812,1854,Brien; Robert Barnett,Janssens; Franciscus G,1,1
1813,1854,Brien; Robert Barnett,Janssens; Franciscus G,1,1
1814,1854,Brien; Robert Barnett,Janssens; Franciscus G,2,0
1815,1854,Brien; Robert Barnett,Janssens; Franciscus G,1,1
1816,1854,Brien; Robert Barnett,Janssens; Franciscus G,2,0
1817,1854,Brien; Robert Barnett,Janssens; Franciscus G,0,2
1818,1854,Janssens; Franciscus G,Brien; Robert Barnett,1,1
1819,1854,Janssens; Franciscus G,Brien; Robert Barnett,0,2
1820,1854,Janssens; Franciscus G,Brien; Robert Barnett,0,2
1821,1854,Janssens; Franciscus G,Brien; Robert Barnett,1,1
1822,1854,Janssens; Franciscus G,Brien; Robert Barnett,0,2
1823,1854,Janssens; Franciscus G,Brien; Robert Barnett,0,2
1824,1854,Janssens; Franciscus G,Brien; Robert Barnett,0,2
1825,1854,Janssens; Franciscus G,Brien; Robert Barnett,2,0
1826,1854,Janssens; Franciscus G,Brien; Robert Barnett,0,2
1827,1855,Morphy; Paul,Ayers; T.,2,0
1828,1855,Morphy; Paul,Maurian; Charles Amedee,0,2
1829,1855,Morphy; Paul,Meek; Alexander Beaufort,2,0
1830,1855,Anderssen; Adolf,Mayet; Carl,2,0
1831,1855,Anderssen; Adolf,Mayet; Carl,2,0
1832,1855,Anderssen; Adolf,Mayet; Carl,0,2
1833,1855,Anderssen; Adolf,Mayet; Carl,2,0
1834,1855,Anderssen; Adolf,Mayet; Carl,0,2
1835,1855,Anderssen; Adolf,Mayet; Carl,1,1
1836,1855,Anderssen; Adolf,Mayet; Carl,2,0
1837,1855,Anderssen; Adolf,Mayet; Carl,2,0
1838,1855,Anderssen; Adolf,Mayet; Carl,0,2
1839,1855,Anderssen; Adolf,Mayet; Carl,0,2
1840,1855,Anderssen; Adolf,Mayet; Carl,2,0
1841,1855,Mayet; Carl,Anderssen; Adolf,0,2
1842,1855,Mayet; Carl,Anderssen; Adolf,0,2
1843,1855,Mayet; Carl,Anderssen; Adolf,0,2
1844,1855,Mayet; Carl,Anderssen; Adolf,0,2
1845,1855,Mayet; Carl,Anderssen; Adolf,2,0
1846,1855,Mayet; Carl,Anderssen; Adolf,0,2
1847,1855,Mayet; Carl,Anderssen; Adolf,2,0
1848,1855,Mayet; Carl,Anderssen; Adolf,0,2
1849,1855,Mayet; Carl,Anderssen; Adolf,0,2
1850,1855,Mayet; Carl,Anderssen; Adolf,0,2
1851,1855,Anderssen; Adolf,Dufresne; Jean,2,0
1852,1855,Anderssen; Adolf,Dufresne; Jean,2,0
1853,1855,Anderssen; Adolf,Dufresne; Jean,2,0
1854,1855,Dufresne; Jean,Anderssen; Adolf,0,2
1855,1855,Dufresne; Jean,Anderssen; Adolf,0,2
1856,1855,Dufresne; Jean,Anderssen; Adolf,0,2
1857,1855,Eichborn; Louis,Anderssen; Adolf,2,0
1858,1855,Eichborn; Louis,Anderssen; Adolf,2,0
1859,1855,Cochrane; John,Mahescandra,2,0
1860,1855,Cochrane; John,Mahescandra,2,0
1861,1855,Cochrane; John,Mahescandra,2,0
1862,1855,Cochrane; John,Mahescandra,2,0
1863,1855,Cochrane; John,Mahescandra,2,0
1864,1855,Cochrane; John,Mahescandra,2,0
1865,1855,Cochrane; John,Mahescandra,2,0
1866,1855,Cochrane; John,Mahescandra,2,0
1867,1855,Cochrane; John,Mahescandra,2,0
1868,1855,Cochrane; John,Mahescandra,2,0
1869,1855,Cochrane; John,Mahescandra,2,0
1870,1855,Cochrane; John,Mahescandra,2,0
1871,1855,Cochrane; John,Mahescandra,0,2
1872,1855,Cochrane; John,Mahescandra,2,0
1873,1855,Cochrane; John,Mahescandra,1,1
1874,1855,Cochrane; John,Mahescandra,2,0
1875,1855,Cochrane; John,Mahescandra,2,0
1876,1855,Cochrane; John,Mahescandra,0,2
1877,1855,Cochrane; John,Mahescandra,0,2
1878,1855,Cochrane; John,Mahescandra,2,0
1879,1855,Cochrane; John,Mahescandra,2,0
1880,1855,Cochrane; John,Mahescandra,2,0
1881,1855,Cochrane; John,Mahescandra,2,0
1882,1855,Cochrane; John,Mahescandra,2,0
1883,1855,Cochrane; John,Mahescandra,0,2
1884,1855,Cochrane; John,Mahescandra,2,0
1885,1855,Cochrane; John,Mahescandra,2,0
1886,1855,Cochrane; John,Mahescandra,2,0
1887,1855,Cochrane; John,Mahescandra,0,2
1888,1855,Cochrane; John,Mahescandra,2,0
1889,1855,Cochrane; John,Mahescandra,2,0
1890,1855,Cochrane; John,Mahescandra,0,2
1891,1855,Cochrane; John,Mahescandra,2,0
1892,1855,Cochrane; John,Mahescandra,2,0
1893,1855,Cochrane; John,Mahescandra,2,0
1894,1855,Cochrane; John,Mahescandra,2,0
1895,1855,Cochrane; John,Mahescandra,2,0
1896,1855,Cochrane; John,Mahescandra,2,0
1897,1855,Cochrane; John,Mahescandra,2,0
1898,1855,Cochrane; John,Mahescandra,2,0
1899,1855,Cochrane; John,Mahescandra,0,2
1900,1855,Cochrane; John,Mahescandra,0,2
1901,1855,Cochrane; John,Mahescandra,2,0
1902,1855,Cochrane; John,Mahescandra,2,0
1903,1855,Cochrane; John,Mahescandra,2,0
1904,1855,Cochrane; John,Somacarana,0,2
1905,1855,Cochrane; John,Somacarana,2,0
1906,1855,Cochrane; John,Somacarana,2,0
1907,1855,Cochrane; John,Somacarana,0,2
1908,1855,Mahescandra,Cochrane; John,2,0
1909,1855,Mahescandra,Cochrane; John,0,2
1910,1855,Mahescandra,Cochrane; John,2,0
1911,1855,Mahescandra,Cochrane; John,0,2
1912,1855,Mahescandra,Cochrane; John,0,2
1913,1855,Mahescandra,Cochrane; John,2,0
1914,1855,Mahescandra,Cochrane; John,2,0
1915,1855,Mahescandra,Cochrane; John,2,0
1916,1855,Mahescandra,Cochrane; John,0,2
1917,1855,Mahescandra,Cochrane; John,1,1
1918,1855,Mahescandra,Cochrane; John,2,0
1919,1855,Mahescandra,Cochrane; John,0,2
1920,1855,Mahescandra,Cochrane; John,1,1
1921,1855,Mahescandra,Cochrane; John,0,2
1922,1855,Mahescandra,Cochrane; John,2,0
1923,1855,Mahescandra,Cochrane; John,0,2
1924,1855,Mahescandra,Cochrane; John,2,0
1925,1855,Mahescandra,Cochrane; John,2,0
1926,1855,Mahescandra,Cochrane; John,2,0
1927,1855,Mahescandra,Cochrane; John,2,0
1928,1855,Mahescandra,Cochrane; John,2,0
1929,1855,Mahescandra,Cochrane; John,2,0
1930,1855,Mahescandra,Cochrane; John,2,0
1931,1855,Mahescandra,Cochrane; John,2,0
1932,1855,Mahescandra,Cochrane; John,0,2
1933,1855,Mahescandra,Cochrane; John,2,0
1934,1855,Mahescandra,Cochrane; John,0,2
1935,1855,Mahescandra,Cochrane; John,0,2
1936,1855,Mahescandra,Cochrane; John,0,2
1937,1855,Mahescandra,Cochrane; John,0,2
1938,1855,Mahescandra,Cochrane; John,0,2
1939,1855,Mahescandra,Cochrane; John,0,2
1940,1855,Mahescandra,Cochrane; John,0,2
1941,1855,Mahescandra,Cochrane; John,0,2
1942,1855,Mahescandra,Cochrane; John,1,1
1943,1855,Mahescandra,Cochrane; John,1,1
1944,1855,Mahescandra,Cochrane; John,0,2
1945,1855,Somacarana,Cochrane; John,0,2
1946,1855,Mahescandra,Cochrane; John,2,0
1947,1855,Cochrane; John,Mahescandra,2,0
1948,1855,Mahescandra,Cochrane; John,1,1
1949,1855,Cochrane; John,Mahescandra,2,0
1950,1855,Mahescandra,Cochrane; John,0,2
1951,1855,Mahescandra,Cochrane; John,2,0
1952,1855,Mahescandra,Cochrane; John,0,2
1953,1855,Mahescandra,Cochrane; John,0,2
1954,1855,Cochrane; John,Mahescandra,0,2
1955,1855,Cochrane; John,Mahescandra,2,0
1956,1855,Mahescandra,Cochrane; John,2,0
1957,1855,Cochrane; John,Mahescandra,2,0
1958,1855,Cochrane; John,Mahescandra,0,2
1959,1855,Mahescandra,Cochrane; John,2,0
1960,1855,Mahescandra,Cochrane; John,2,0
1961,1855,Cochrane; John,Mahescandra,1,1
1962,1855,Cochrane; John,Mahescandra,0,2
1963,1855,Mahescandra,Cochrane; John,0,2
1964,1855,Cochrane; John,Somacarana,2,0
1965,1855,Somacarana,Cochrane; John,0,2
1966,1855,Somacarana,Cochrane; John,0,2
1967,1855,Somacarana,Cochrane; John,0,2
1968,1855,Somacarana,Cochrane; John,0,2
1969,1855,Somacarana,Cochrane; John,0,2
1970,1855,Somacarana,Cochrane; John,0,2
1971,1855,Cochrane; John,Somacarana,1,1
1972,1855,Cochrane; John,Somacarana,0,2
1973,1855,Cochrane; John,Somacarana,2,0
1974,1855,Cochrane; John,Somacarana,0,2
1975,1855,Somacarana,Cochrane; John,1,1
1976,1855,Cochrane; John,Somacarana,2,0
1977,1855,Somacarana,Cochrane; John,1,1
1978,1855,Somacarana,Cochrane; John,0,2
1979,1855,Cochrane; John,Somacarana,0,2
1980,1855,Somacarana,Cochrane; John,2,0
1981,1855,Somacarana,Cochrane; John,2,0
1982,1855,Cochrane; John,Somacarana,2,0
1983,1855,Somacarana,Cochrane; John,0,2
1984,1855,Somacarana,Cochrane; John,0,2
1985,1855,Cochrane; John,Somacarana,0,2
1986,1855,Mahescandra,Cochrane; John,0,2
1987,1855,Cochrane; John,Somacarana,2,0
1988,1855,Mahescandra,Cochrane; John,1,1
1989,1855,Somacarana,Cochrane; John,2,0
1990,1855,Mahescandra,Cochrane; John,0,2
1991,1855,Cochrane; John,Somacarana,0,2
1992,1855,Cochrane; John,Mahescandra,2,0
1993,1855,Mahescandra,Cochrane; John,1,1
1994,1855,Somacarana,Cochrane; John,0,2
1995,1855,Cochrane; John,Mahescandra,2,0
1996,1855,Mahescandra,Cochrane; John,2,0
1997,1855,Mahescandra,Cochrane; John,1,1
1998,1855,Mahescandra,Cochrane; John,0,2
1999,1855,Cochrane; John,Mahescandra,2,0
2000,1855,Cochrane; John,Mahescandra,1,1
2001,1855,Mahescandra,Cochrane; John,1,1
2002,1855,Cochrane; John,Mahescandra,2,0
2003,1855,Cochrane; John,Somacarana,2,0
2004,1855,Mahescandra,Cochrane; John,1,1
2005,1855,Cochrane; John,Mahescandra,2,0
2006,1855,Mahescandra,Cochrane; John,0,2
2007,1855,Somacarana,Cochrane; John,2,0
2008,1855,Mahescandra,Cochrane; John,2,0
2009,1855,Mahescandra,Cochrane; John,0,2
2010,1855,Cochrane; John,Mahescandra,0,2
2011,1855,Mahescandra,Cochrane; John,0,2
2012,1855,Mahescandra,Cochrane; John,0,2
2013,1855,Mahescandra,Cochrane; John,1,1
2014,1855,Cochrane; John,Mahescandra,2,0
2015,1855,Cochrane; John,Mahescandra,0,2
